id,sex,race,age,zipcode,lon,lat,young,race.num,chicago
1,M,Hi,57,60107,-88.1694768799666,42.0268557744672,0,3,2
2,F,Bl,77,60651,-87.7293831539158,41.8970562570413,0,2,1
3,M,Wh,20,60402,-87.8028505601212,41.857546662127596,1,1,2
4,F,Hi,35,60629,-87.6904318289142,41.7637792586955,0,3,1
5,F,Wh,32,60618,-87.6880597747362,41.95173928518,0,1,1
6,M,Hi,21,60641,-87.7504403167819,41.9604728067356,1,3,1
7,M,Hi,36,60612,-87.7003785325001,41.8884488596366,0,3,1
8,F,Hi,19,60624,-87.7186381873675,41.8910974669219,1,3,1
9,M,Wh,22,60004,-87.9709033137331,42.1224138170896,1,1,2
10,M,Bl,40,60617,-87.5425715420944,41.6981516505109,0,2,1
11,M,Hi,34,60660,-87.6604404589932,41.9832884365479,0,3,1
12,M,Hi,51,60609,-87.6314774427011,41.8301274666521,0,3,1
13,F,Bl,21,60624,-87.7182864581702,41.8897927478166,1,2,1
14,M,Wh,24,60304,-87.793246689584,41.8789971102157,1,1,2
15,M,Wh,35,60007,-87.9927395349701,42.002490663689,0,1,2
16,F,Wh,30,60935,-88.1739931678335,41.1602898415025,0,1,2
17,F,Wh,24,60510,-88.3908723400875,41.8293346396321,1,1,2
18,M,Hi,24,60608,-87.6983039745029,41.8413519298965,1,3,1
19,F,Wh,38,60647,-87.6880944717374,41.9220185325542,0,1,1
20,F,Hi,43,60609,-87.6662755690751,41.7964309904861,0,3,1
21,M,Wh,53,60626,-87.6732174351717,42.0104309342464,0,1,1
22,M,Wh,41,60062,-87.8675144373249,42.1219357783359,0,1,2
23,M,Wh,71,60613,-87.6385643401221,41.9571643597097,0,1,1
24,M,Wh,33,60641,-87.7398745166887,41.9503867076914,0,1,1
25,M,Hi,40,60622,-87.7029092565728,41.9001515031941,0,3,1
26,F,Wh,28,60630,-87.7322844023187,41.9735583066664,0,1,1
27,F,Wh,33,60623,-87.7145235302019,41.8283815669014,0,1,1
28,F,Wh,23,60804,-87.7663556035555,41.8561292640632,1,1,2
29,F,Wh,22,60555,-88.1766334100847,41.8335718672606,1,1,2
30,M,Bl,75,60621,-87.6265632134279,41.7632256235236,0,2,1
31,M,Wh,21,60638,-87.7726253389802,41.7928479424774,1,1,1
32,M,Hi,34,60608,-87.6733041376013,41.8642401733445,0,3,1
33,M,Wh,22,60632,-87.6891684824006,41.8297939303168,1,1,1
34,M,Wh,23,60638,-87.8015623367768,41.794225596321,1,1,1
35,M,Wh,38,60139,-88.075978315459,41.8967628714561,0,1,2
36,F,Wh,31,60013,-88.2480588007699,42.2081683382348,0,1,2
37,F,Wh,42,60120,-88.2402040598663,42.0165221625829,0,1,2
38,F,Hi,23,60617,-87.5684345107149,41.7118506381003,1,3,1
39,M,Bl,32,60640,-87.6703677635353,41.9646205374994,0,2,1
40,F,Wh,42,60618,-87.7064271182947,41.9537952264251,0,1,1
41,M,Bl,41,60827,-87.6434356796604,41.6485190638146,0,2,2
42,F,Bl,68,60628,-87.6004461133736,41.7171797934058,0,2,1
43,M,Bl,48,60438,-87.5380681326304,41.5580312694797,0,2,2
44,F,Wh,18,60439,-87.9489395203108,41.6954328155817,1,1,2
45,F,Wh,22,60453,-87.7413698776578,41.7138323938758,1,1,2
46,M,Bl,43,60628,-87.6330401732706,41.7015661798735,0,2,1
47,F,Wh,23,60103,-88.1960097752599,41.966243969621,1,1,2
48,M,Wh,49,60636,-87.6631607345446,41.7773497698591,0,1,1
49,M,Hi,31,60616,-87.6191241836718,41.8359833708159,0,3,1
50,F,Wh,28,60706,-87.8258572890668,41.971815697552,0,1,2
51,F,Ot,25,60647,-87.6941901615122,41.9317902200723,1,4,1
52,F,Hi,23,60624,-87.7394598849226,41.8822707629838,1,3,1
53,M,Wh,40,60102,-88.2549342787105,42.1784247034317,0,1,2
54,M,Hi,30,60523,-87.9458179370073,41.8359899480931,0,3,2
55,M,Wh,32,60174,-88.2711301324661,41.9375456458141,0,1,2
56,M,Wh,44,60402,-87.7818115679386,41.8270628127032,0,1,2
57,F,Wh,22,60630,-87.7777191180318,41.9748812868849,1,1,1
58,M,Bl,69,60637,-87.58970691192,41.7946301846277,0,2,1
59,M,Bl,67,60302,-87.7898085747542,41.8924276580479,0,2,2
60,M,Hi,56,60660,-87.666992914855,41.986239529743,0,3,1
61,M,Wh,24,60513,-87.8464540361478,41.8150231110773,1,1,2
62,M,Hi,38,60617,-87.5495846863369,41.7485275143857,0,3,1
63,M,Wh,63,60090,-87.912061591291,42.1501640877525,0,1,2
64,F,Wh,24,60453,-87.7453942905454,41.7242594791026,1,1,2
65,F,Ot,42,60707,-87.8230064334126,41.9304155775826,0,4,2
66,F,Bl,46,60651,-87.7525255054662,41.8959981537653,0,2,1
67,M,Hi,34,60644,-87.7463533487093,41.8663709611681,0,3,1
68,M,Wh,23,60458,-87.8234908923032,41.7497965699151,1,1,2
69,M,Wh,25,60611,-87.6056419994069,41.8895683664431,1,1,1
70,M,Hi,34,60608,-87.6871496095197,41.864544033258,0,3,1
71,F,Wh,31,60618,-87.7195258690076,41.9493316703045,0,1,1
72,M,Bl,41,60615,-87.6139605535392,41.8023420308989,0,2,1
73,F,Hi,34,60458,-87.8220502179999,41.7404107715835,0,3,2
74,F,Wh,41,60608,-87.6869515048264,41.8435324747466,0,1,1
75,F,Bl,59,60639,-87.7789079174215,41.9305584671943,0,2,1
76,M,Hi,32,60617,-87.5796620354375,41.7087086587661,0,3,1
77,F,Ot,63,60647,-87.6803635645196,41.9184429767477,0,4,1
78,M,Hi,80,60629,-87.7238720322497,41.7720571678431,0,3,1
79,M,Wh,70,60661,-87.643462467927307,41.8856153327687,0,1,1
80,F,Hi,19,60107,-88.1992930225439,42.0191451339356,1,3,2
81,M,Wh,22,60153,-87.832371894718,41.8729655382297,1,1,2
82,M,Wh,30,60467,-87.9080927653371,41.5981297218876,0,1,2
83,M,Wh,21,60074,-88.0069493487027,42.1275726397751,1,1,2
84,M,Wh,37,60202,-87.6908320221376,42.0372651720785,0,1,2
85,M,Wh,63,60647,-87.6975149625164,41.9166074136539,0,1,1
86,M,Wh,63,60624,-87.7302215771089,41.8883258463363,0,1,1
87,M,Hi,28,60123,-88.3221725643968,42.0306445403387,0,3,2
88,M,Wh,33,60804,-87.7737219600336,41.848551288182,0,1,2
89,M,Wh,29,60107,-88.1739938231228,41.999511075097,0,1,2
90,M,Wh,22,60624,-87.7144573108456,41.8717804994249,1,1,1
91,F,Wh,29,60626,-87.6796056063136,42.0144166657222,0,1,1
92,M,Bl,36,60804,-87.770275293792,41.8637971986462,0,2,2
93,M,Wh,73,60419,-87.610710158703,41.6402746999819,0,1,2
94,M,Ot,48,60644,-87.7720866049873,41.8726840474712,0,4,1
95,F,Wh,29,60164,-87.8730963225966,41.9212988250202,0,1,2
96,F,Wh,28,60462,-87.8551414955248,41.6288052615694,0,1,2
97,M,Hi,35,60630,-87.7334065812813,41.9802380986973,0,3,1
98,F,Wh,24,60101,-88.0166273546899,41.9404130282776,1,1,2
99,M,Wh,53,60304,-87.7921096741495,41.8670597432124,0,1,2
100,F,Bl,19,60651,-87.7138924881676,41.8993930621487,1,2,1
101,F,Wh,34,60050,-88.2551744175906,42.3294766668741,0,1,2
102,M,Wh,24,60626,-87.6648269478082,42.0220049624775,1,1,1
103,M,Bl,31,60622,-87.6896811183326,41.9072543566928,0,2,1
104,M,Hi,24,60194,-88.1276258464101,42.0441189131947,1,3,2
105,M,Bl,78,60630,-87.7629755541809,41.9637432795305,0,2,1
106,F,Hi,38,60458,-87.8407159629243,41.7595419148741,0,3,2
107,F,Wh,30,60030,-88.0361336394994,42.3668799599673,0,1,2
108,F,Bl,59,60622,-87.6834105851525,41.8963878567074,0,2,1
109,F,Bl,45,60155,-87.8662179986229,41.8636178421071,0,2,2
110,F,Wh,33,60440,-88.0798579052197,41.7138941843386,0,1,2
111,F,Bl,62,60649,-87.5536604799836,41.7599096513147,0,2,1
112,M,Wh,27,60135,-88.671222947021,42.114643727733,0,1,2
113,F,Ot,69,60647,-87.717549949171,41.9239535211044,0,4,1
114,M,Wh,30,60623,-87.7204329596542,41.8459904232516,0,1,1
115,M,Wh,45,60056,-87.9255746997365,42.0861144494804,0,1,2
116,M,Bl,33,60628,-87.6250550343052,41.6935851878069,0,2,1
117,M,Bl,36,60618,-87.7179249405121,41.9522775183247,0,2,1
118,F,Wh,38,60505,-88.3061896188908,41.7345642081415,0,1,2
119,M,Hi,78,60107,-88.2022967361484,42.0327058778469,0,3,2
120,M,Wh,18,60707,-87.7924673478584,41.9127300664514,1,1,2
121,F,Hi,40,60644,-87.7513240938467,41.8669373791115,0,3,1
122,M,Wh,49,60089,-87.9791871617701,42.2049990260852,0,1,2
123,M,Hi,27,60608,-87.6508488116603,41.8502086459896,0,3,1
124,M,Bl,41,60640,-87.666771505024,41.9802432641687,0,2,1
125,M,Wh,29,60056,-87.8917785453336,42.0948214751961,0,1,2
126,F,Bl,60,60628,-87.613801432346,41.6885873139754,0,2,1
127,M,Wh,73,60301,-87.8028007261027,41.8898155619273,0,1,2
128,M,Hi,31,60651,-87.7285312216363,41.9051925077994,0,3,1
129,M,Wh,34,60647,-87.682645979733607,41.918573932638,0,1,1
130,F,Hi,66,60624,-87.7319723796597,41.888360294324,0,3,1
131,M,Hi,59,60657,-87.6280015569579,41.9282442423669,0,3,1
132,F,Hi,38,60638,-87.7574800791203,41.7565195158464,0,3,1
133,M,Wh,52,60089,-87.9210870766353,42.1570712487838,0,1,2
134,F,Wh,23,60641,-87.7655145892054,41.9576947730885,1,1,1
135,M,Bl,33,60628,-87.6333319943992,41.6904895748279,0,2,1
136,M,Wh,73,60636,-87.6595511661418,41.7705634525691,0,1,1
137,M,Wh,55,60301,-87.7939345431967,41.8893852605107,0,1,2
138,F,Wh,38,60164,-87.9108306213275,41.9178303678246,0,1,2
139,M,Ot,28,60459,-87.7909285994504,41.7373829211851,0,4,2
140,M,Wh,28,60625,-87.7118075408631,41.9618987266355,0,1,1
141,M,Wh,60,60613,-87.6534816942982,41.9511993238088,0,1,1
142,M,Wh,22,60060,-88.0741288286553,42.2869774688553,1,1,2
143,M,Bl,33,60185,-88.2283448237565,41.8628162460374,0,2,2
144,M,Bl,35,60621,-87.6281256874757,41.7651630029352,0,2,1
145,M,Ot,29,60626,-87.6665446175452,42.0060862433343,0,4,1
146,M,Bl,33,60613,-87.6525981129625,41.9609896956023,0,2,1
147,M,Bl,34,60651,-87.7512402420627,41.9047931905168,0,2,1
148,M,Wh,33,60089,-87.9646468892921,42.2007344274436,0,1,2
149,F,Bl,61,60609,-87.6295398000045,41.8247781021296,0,2,1
150,M,Wh,37,60415,-87.7756339286522,41.7052700555311,0,1,2
151,M,Wh,39,60201,-87.6788826939428,42.0528232486261,0,1,2
152,M,Wh,32,60482,-87.7862470876555,41.6889167015486,0,1,2
153,F,Bl,33,60624,-87.7075237049896,41.8726482203847,0,2,1
154,F,Wh,24,60660,-87.6725140102639,41.9967470494894,1,1,1
155,F,Bl,72,60651,-87.7713463359328,41.8993983677808,0,2,1
156,M,Wh,22,60153,-87.8471417667154,41.8775976355136,1,1,2
157,F,Wh,20,60634,-87.7747585247987,41.9545713270054,1,1,1
158,M,Hi,75,60804,-87.7570500487418,41.8545554314478,0,3,2
159,M,Hi,39,60632,-87.7285158391344,41.8209028306051,0,3,1
160,F,Wh,37,60097,-88.3499814840468,42.4103846411831,0,1,2
161,M,Bl,40,60302,-87.784112251397,41.8994827256324,0,2,2
162,M,Wh,27,60624,-87.7145823897158,41.8666157632739,0,1,1
163,F,Wh,20,60103,-88.2252569051953,41.9838983132249,1,1,2
164,M,Wh,22,60047,-88.045622792451,42.1923215924529,1,1,2
165,M,Hi,31,60191,-87.9844859175853,41.9813794123305,0,3,2
166,M,Hi,32,60632,-87.7354635420936,41.8103199866008,0,3,1
167,F,Bl,51,60620,-87.6700356277804,41.7373286071063,0,2,1
168,F,Wh,30,60609,-87.6459735853599,41.7945822116987,0,1,1
169,M,Wh,37,60613,-87.6404287653265,41.9562954141563,0,1,1
170,M,Wh,22,60565,-88.1445652065722,41.7067566151196,1,1,2
171,F,Hi,44,60638,-87.7796062670086,41.7697585097468,0,3,1
172,M,Wh,34,60619,-87.6069803730612,41.735120756741,0,1,1
173,F,Wh,38,60481,-88.2320387627457,41.3453734711939,0,1,2
174,M,Wh,25,60616,-87.6361171638936,41.8319378267082,1,1,1
175,M,Wh,31,60647,-87.7080330007572,41.9255214187246,0,1,1
176,M,Bl,80,60628,-87.6125820134627,41.6635190477914,0,2,1
177,F,Ot,40,60076,-87.7387890179026,42.0568867124078,0,4,2
178,M,Wh,21,60115,-88.8336939255355,41.8746417513733,1,1,2
179,M,Wh,26,60561,-87.9742861668251,41.7499970674103,0,1,2
180,F,Wh,30,60639,-87.732873529771,41.9215909197313,0,1,1
181,F,Bl,31,60624,-87.7223751218535,41.8872669973042,0,2,1
182,M,Hi,44,60302,-87.7960132190851,41.9009315657641,0,3,2
183,M,Wh,33,60517,-88.0438401524148,41.7478682893371,0,1,2
184,M,Hi,55,60608,-87.6908069349447,41.8384469701616,0,3,1
185,F,Wh,32,60123,-88.3310354801878,42.0111638029226,0,1,2
186,M,Wh,33,60827,-87.590752654116,41.6485176057809,0,1,2
187,M,Wh,23,60087,-87.8021520044996,42.3909713822117,1,1,2
188,F,Hi,20,60651,-87.7605847244361,41.9051341438729,1,3,1
189,M,Bl,56,60636,-87.6549781709393,41.7612279897473,0,2,1
190,M,Hi,44,60160,-87.8895131791907,41.9017266704051,0,3,2
191,M,Wh,24,60464,-87.851658751553,41.657955362101,1,1,2
192,M,Wh,80,60516,-88.0018371195805,41.7786715362586,0,1,2
193,M,Wh,20,60126,-87.9489419831834,41.8619032374009,1,1,2
194,F,Bl,30,60610,-87.6327425684908,41.9117444173634,0,2,1
195,M,Hi,35,60656,-87.8086650456822,41.9755535700166,0,3,1
196,F,Bl,31,60302,-87.8014461697322,41.884155545253,0,2,2
197,M,Wh,28,60101,-88.0152510104885,41.917914384549,0,1,2
198,M,Wh,23,60070,-87.9015254026889,42.1052540550833,1,1,2
199,F,Wh,44,60657,-87.6589818720189,41.9384265421323,0,1,1
200,M,Wh,31,60607,-87.6651748705258,41.8833055136965,0,1,1
201,F,Ot,23,60441,-88.0913084666139,41.5722428642092,1,4,2
202,M,Bl,33,60614,-87.6700095942969,41.9293518621763,0,2,1
203,M,Ot,44,60652,-87.7284536269861,41.7517012126089,0,4,1
204,F,Ot,24,60630,-87.767346498892607,41.9648690169114,1,4,1
205,M,Wh,18,60107,-88.1453522635082,42.0134654690952,1,1,2
206,F,Bl,66,60637,-87.6169564216005,41.766188266181,0,2,1
207,M,Hi,56,60652,-87.710722087801,41.751599681514,0,3,1
208,F,Ot,78,60647,-87.6818757408468,41.9320223733565,0,4,1
209,M,Wh,30,60612,-87.7008423794213,41.8679015719535,0,1,1
210,M,Wh,21,60439,-88.0590861140061,41.6703124228539,1,1,2
211,M,Wh,48,60661,-87.6424874378358,41.8849307280127,0,1,1
212,M,Wh,34,60453,-87.7966510842273,41.7206617922426,0,1,2
213,M,Ot,27,60304,-87.7934289778352,41.8788054526112,0,4,2
214,F,Bl,48,60615,-87.576426754792,41.7995677877056,0,2,1
215,F,Hi,19,60538,-88.4056466354626,41.7141402393684,1,3,2
216,M,Wh,31,60611,-87.6022163477238,41.89535910706,0,1,1
217,M,Hi,24,60123,-88.3396098648139,42.04512970493,1,3,2
218,M,Bl,44,60804,-87.7513200423349,41.8454867569741,0,2,2
219,F,Wh,38,60481,-88.2286574339388,41.3255559034366,0,1,2
220,F,Wh,78,60661,-87.6433098975463,41.8821676843661,0,1,1
221,M,Bl,33,60638,-87.7997183179293,41.7606243651585,0,2,1
222,F,Hi,36,60620,-87.6245954461338,41.7302415268975,0,3,1
223,M,Bl,33,60622,-87.6682036266775,41.899014783712,0,2,1
224,M,Hi,21,60402,-87.7875217001222,41.8513041201625,1,3,2
225,M,Hi,38,60641,-87.7605182686403,41.9485878973516,0,3,1
226,F,Bl,27,60644,-87.7718214154132,41.8920674069954,0,2,1
227,F,Wh,35,60714,-87.7895533761087,42.0248998076668,0,1,2
228,M,Wh,21,60565,-88.13881515846,41.7275995778009,1,1,2
229,M,Bl,25,61764,-88.7000685830335,40.8614058373867,1,2,2
230,M,Hi,33,60613,-87.6532029218295,41.9592390307405,0,3,1
231,M,Wh,30,60007,-87.9365441666812,41.9998424838392,0,1,2
232,F,Bl,72,60621,-87.6319691529562,41.7775507586403,0,2,1
233,M,Bl,35,60620,-87.6571151730383,41.7482691766637,0,2,1
234,F,Wh,20,60657,-87.6620152294662,41.9379975934924,1,1,1
235,F,Bl,27,60651,-87.7401867073481,41.9063762855839,0,2,1
236,F,Wh,22,60139,-88.0532775631932,41.9079404476063,1,1,2
237,M,Wh,31,60605,-87.6119970222465,41.8694149420202,0,1,1
238,F,Hi,42,60612,-87.6777299059108,41.8893922971384,0,3,1
239,M,Wh,42,60458,-87.8216539893062,41.7507812192644,0,1,2
240,M,Wh,63,60628,-87.628974038162,41.7233269309528,0,1,1
241,M,Hi,26,60130,-87.8113170887811,41.8749420837605,0,3,2
242,F,Wh,38,60047,-88.0343744048399,42.1728548661617,0,1,2
243,F,Bl,34,60624,-87.7117328993632,41.8811795176364,0,2,1
244,F,Wh,33,60004,-87.9669847991448,42.1107016573386,0,1,2
245,F,Wh,32,60559,-87.9805085695266,41.8110400467745,0,1,2
246,M,Bl,27,60617,-87.5359722204679,41.7275280508333,0,2,1
247,M,Bl,30,60651,-87.7434822315648,41.9073150376403,0,2,1
248,M,Bl,43,60615,-87.5863386001759,41.8094185739651,0,2,1
249,F,Wh,32,60002,-88.1816135175228,42.4938424171264,0,1,2
250,M,Bl,36,60621,-87.6335148324308,41.7654774282513,0,2,1
251,M,Wh,67,60631,-87.8196299548869,42.0128686044862,0,1,1
252,F,Wh,31,60515,-88.0278502196195,41.7955536441411,0,1,2
253,M,Wh,19,60073,-88.1332391365981,42.3488345747705,1,1,2
254,M,Bl,66,60607,-87.6584463351691,41.8700363088316,0,2,1
255,M,Wh,19,60074,-88.0313520852648,42.1067006202471,1,1,2
256,F,Wh,23,60641,-87.7524235418575,41.9531659285452,1,1,1
257,F,Wh,43,60101,-88.0287935362266,41.944603687103,0,1,2
258,F,Ot,18,60085,-87.8640157860435,42.3469975288564,1,4,2
259,M,Wh,55,60641,-87.730376001925,41.939679892852,0,1,1
260,F,Wh,31,60660,-87.6720843089868,41.9937644145199,0,1,1
261,F,Bl,71,60636,-87.6804850181402,41.7735340529275,0,2,1
262,M,Wh,22,60067,-88.0624554500399,42.1122733267118,1,1,2
263,F,Bl,24,60624,-87.7149509155863,41.8696731728234,1,2,1
264,F,Bl,33,60608,-87.6875233220571,41.847499016776,0,2,1
265,M,Wh,23,60608,-87.6846900769494,41.8545005513609,1,1,1
266,M,Ot,40,60013,-88.2091200305988,42.2076599390491,0,4,2
267,M,Hi,29,60409,-87.5318394466377,41.5926140035362,0,3,2
268,M,Ot,33,60644,-87.7433447700804,41.8679533678133,0,4,1
269,F,Bl,30,60617,-87.5417514972875,41.685876210215,0,2,1
270,F,Wh,44,60657,-87.6440030023952,41.9347893464231,0,1,1
271,M,Wh,19,60422,-87.6654679830503,41.5376761400667,1,1,2
272,F,Ot,78,60618,-87.703728116033,41.9574637051589,0,4,1
273,F,Bl,78,60626,-87.6671678228971,42.0113904067798,0,2,1
274,F,Bl,70,60623,-87.7199564013629,41.8286837059268,0,2,1
275,M,Hi,78,60618,-87.7046846604405,41.9326750165705,0,3,1
276,M,Bl,35,60304,-87.7791267186875,41.8760394165219,0,2,2
277,M,Wh,21,60647,-87.7005328496801,41.9039188171371,1,1,1
278,F,Wh,36,60160,-87.8579822344687,41.894825540712,0,1,2
279,M,Bl,29,60651,-87.7703935198148,41.9028573918501,0,2,1
280,F,Wh,34,60462,-87.8763070732552,41.6250588016054,0,1,2
281,M,Wh,47,60623,-87.7268225187114,41.8533160048577,0,1,1
282,F,Bl,56,60615,-87.5870838217082,41.7992018608893,0,2,1
283,M,Hi,47,60608,-87.6802590463165,41.8500313936338,0,3,1
284,F,Hi,28,60632,-87.6926950672221,41.8107285181224,0,3,1
285,M,Hi,38,60634,-87.7894144332139,41.9596077707924,0,3,1
286,M,Bl,39,60653,-87.5932795194949,41.827873062599,0,2,1
287,M,Wh,76,60640,-87.6612190981814,41.9690566011934,0,1,1
288,M,Wh,64,60638,-87.7813925309613,41.7705691738952,0,1,1
289,M,Wh,19,60618,-87.6889245176012,41.9466430562146,1,1,1
290,M,Wh,49,60624,-87.735971030419,41.8758630578791,0,1,1
291,M,Hi,37,60625,-87.7157569070699,41.9709760441704,0,3,1
292,M,Bl,31,60056,-87.9495327700675,42.0536271835556,0,2,2
293,M,Wh,33,60626,-87.6707748997479,42.0045458354528,0,1,1
294,F,Bl,30,60644,-87.7742695523491,41.8766286878826,0,2,1
295,M,Bl,74,60619,-87.6217617120389,41.7496340190067,0,2,1
296,M,Bl,35,60623,-87.7111248204569,41.8601205136373,0,2,1
297,M,Wh,54,60804,-87.7520497068485,41.8409939439653,0,1,2
298,F,Bl,71,60651,-87.7548950719384,41.9052060111906,0,2,1
299,F,Hi,52,60647,-87.7086434008893,41.9220087668456,0,3,1
300,M,Hi,32,61301,-89.0307262298176,41.3977359026966,0,3,2
301,F,Wh,35,60638,-87.7742274112851,41.7956047388262,0,1,1
302,F,Bl,65,60628,-87.5894823447704,41.707362823258,0,2,1
303,M,Wh,48,60419,-87.6127627634097,41.6252384140093,0,1,2
304,F,Wh,34,60046,-88.0223563997843,42.400686892651,0,1,2
305,M,Bl,30,60153,-87.8336772711683,41.8711738574011,0,2,2
306,F,Bl,76,60623,-87.7107484588033,41.8318228107142,0,2,1
307,M,Wh,31,60707,-87.8106506093091,41.9214689508998,0,1,2
308,M,Wh,41,60402,-87.7902481001802,41.8230802127867,0,1,2
309,M,Ot,40,60101,-88.0139592981102,41.94210645064,0,4,2
310,M,Wh,31,60618,-87.6847621490871,41.9551268413882,0,1,1
311,M,Bl,25,60187,-88.1129474284241,41.8778869819942,1,2,2
312,F,Wh,44,60615,-87.5930322113097,41.804764434184,0,1,1
313,M,Wh,55,60639,-87.7708568260159,41.9196980051122,0,1,1
314,M,Wh,48,60160,-87.854951833151,41.9160226225323,0,1,2
315,F,Wh,43,60608,-87.6771272596219,41.8325328300078,0,1,1
316,M,Hi,39,60624,-87.7084920078811,41.8894322100629,0,3,1
317,M,Wh,23,60172,-88.0986639202737,41.9938004856924,1,1,2
318,F,Wh,34,60644,-87.7533255810452,41.8916027171113,0,1,1
319,M,Hi,24,60646,-87.7202570618902,41.9897590389012,1,3,1
320,F,Bl,23,60643,-87.6473049880407,41.6859933753977,1,2,1
321,M,Bl,32,60804,-87.7630291042068,41.8470262962221,0,2,2
322,F,Ot,43,60076,-87.7135330203241,42.0371811615612,0,4,2
323,M,Bl,40,60654,-87.6412304618612,41.8925505454225,0,2,1
324,M,Wh,30,60657,-87.6327495226794,41.9471301639433,0,1,1
325,M,Wh,28,60611,-87.610812828900393,41.8974916326721,0,1,1
326,M,Wh,44,60466,-87.6762492195655,41.4997310861442,0,1,2
327,M,Bl,34,60612,-87.6708736242916,41.87448466056,0,2,1
328,F,Bl,47,60626,-87.6766561048002,42.0178594744372,0,2,1
329,F,Hi,32,60707,-87.813986641777,41.9235679938133,0,3,2
330,F,Hi,42,60624,-87.7155810174214,41.8862082921882,0,3,1
331,M,Bl,49,60640,-87.6441418599435,41.9752643335486,0,2,1
332,M,Bl,46,60402,-87.7838618595948,41.8538015286181,0,2,2
333,F,Wh,23,60639,-87.7727021689082,41.9113172501916,1,1,1
334,M,Wh,25,60411,-87.5988296808367,41.4875546573594,1,1,2
335,M,Wh,28,60630,-87.7851703098063,41.9812789491897,0,1,1
336,F,Wh,41,60164,-87.8950263919449,41.9332592773571,0,1,2
337,F,Wh,65,60804,-87.7517674997327,41.8445533159913,0,1,2
338,M,Hi,23,60120,-88.2430506038405,42.0097340984361,1,3,2
339,F,Wh,43,60098,-88.5564018185716,42.3232221715725,0,1,2
340,F,Wh,32,60087,-87.8208411294624,42.3871899306627,0,1,2
341,F,Bl,58,60649,-87.5662029503634,41.7659507521567,0,2,1
342,M,Ot,21,60185,-88.1851328532258,41.9353636140697,1,4,2
343,M,Bl,50,60607,-87.649810063739,41.8676706481239,0,2,1
344,M,Wh,19,60090,-87.9081928815225,42.1042049696943,1,1,2
345,F,Hi,24,60638,-87.7960175914778,41.7595669044801,1,3,1
346,M,Bl,76,60628,-87.6329717963008,41.6820676441956,0,2,1
347,M,Hi,53,60304,-87.7766570379715,41.8718542425638,0,3,2
348,M,Wh,23,60181,-87.9676467882709,41.9040952669586,1,1,2
349,F,Bl,60,60620,-87.6372925808607,41.7474481101042,0,2,1
350,M,Wh,67,60044,-87.8487579660139,42.2808225271876,0,1,2
351,M,Bl,43,60637,-87.6223793206109,41.7716683809657,0,2,1
352,M,Wh,57,60044,-87.8498281988899,42.2739410059397,0,1,2
353,M,Wh,55,60402,-87.7907623754433,41.8094596635982,0,1,2
354,M,Wh,23,60176,-87.8804384266607,41.954217450053,1,1,2
355,F,Bl,24,60621,-87.6298890015638,41.7682728433193,1,2,1
356,M,Wh,79,60617,-87.5374767907959,41.7069770796098,0,1,1
357,F,Hi,34,60644,-87.7501775950737,41.8802339791923,0,3,1
358,F,Bl,71,60649,-87.5413540905896,41.7609469374868,0,2,1
359,F,Hi,41,60629,-87.7310878356859,41.7660670788188,0,3,1
360,F,Bl,69,60620,-87.6426473420972,41.7458547570864,0,2,1
361,F,Wh,42,60609,-87.645105820151,41.8210862423438,0,1,1
362,M,Hi,63,60610,-87.6308007728224,41.8991390013525,0,3,1
363,F,Bl,78,60628,-87.6041971443812,41.7219683857386,0,2,1
364,F,Wh,21,60090,-87.9600073777819,42.1267615900726,1,1,2
365,F,Hi,32,60651,-87.7737648469335,41.9037829858825,0,3,1
366,M,Wh,33,60630,-87.7542836991474,41.9681812095089,0,1,1
367,M,Bl,35,60618,-87.6948299666306,41.9463449029103,0,2,1
368,M,Wh,29,60135,-88.7642941188897,42.1468786810911,0,1,2
369,M,Wh,24,60073,-88.1153371034015,42.3737235716053,1,1,2
370,M,Hi,33,60639,-87.7779835427234,41.9265985467829,0,3,1
371,M,Bl,32,60636,-87.6828560084307,41.7747585413854,0,2,1
372,M,Bl,31,60609,-87.65542819405,41.798555280177,0,2,1
373,F,Hi,44,60620,-87.6829764414062,41.734935749903,0,3,1
374,F,Wh,47,60804,-87.7473343452146,41.8454155306437,0,1,2
375,M,Bl,44,60602,-87.632965339260707,41.8827942562597,0,2,1
376,M,Ot,19,60073,-88.1327260480476,42.3402722280755,1,4,2
377,M,Wh,73,60651,-87.7537379480042,41.8955309979945,0,1,1
378,M,Wh,28,60641,-87.7501059684204,41.9443398692689,0,1,1
379,M,Wh,35,60607,-87.6366146421771,41.866302086602,0,1,1
380,M,Wh,32,60643,-87.6650931215952,41.719761121163,0,1,1
381,F,Bl,71,60660,-87.6514346088803,41.984097080035,0,2,1
382,M,Bl,62,60644,-87.7698854364727,41.8806792405881,0,2,1
383,M,Bl,65,60609,-87.6298518720795,41.8042840035321,0,2,1
384,M,Ot,29,60563,-88.139143662314,41.824807457841104,0,4,2
385,F,Wh,34,60625,-87.7180522273658,41.970606867377,0,1,1
386,F,Bl,74,60637,-87.6103739760297,41.7906669809282,0,2,1
387,M,Hi,32,60625,-87.6786141128058,41.9856921888718,0,3,1
388,M,Wh,23,60459,-87.7768130968067,41.7474917129982,1,1,2
389,M,Wh,34,60656,-87.848174387454,41.9738273459167,0,1,1
390,M,Wh,57,60654,-87.64060273727,41.88906676114,0,1,1
391,M,Wh,24,60803,-87.7096523720274,41.6756147618547,1,1,2
392,M,Ot,34,60636,-87.6702875209956,41.7798933641901,0,4,1
393,M,Bl,45,60637,-87.6203910914796,41.7917538911763,0,2,1
394,M,Bl,36,60629,-87.6866188282484,41.7767498440689,0,2,1
395,F,Wh,18,60004,-88.008653058267,42.1498395449186,1,1,2
396,M,Wh,32,60525,-87.8751807354801,41.7764802988464,0,1,2
397,M,Bl,43,60617,-87.5334468949064,41.7361563170014,0,2,1
398,M,Hi,28,60056,-87.9317216800711,42.0840527208475,0,3,2
399,M,Wh,43,60139,-88.063021067519,41.9124311054668,0,1,2
400,M,Wh,18,60126,-87.9454998167874,41.8670932950163,1,1,2
401,M,Wh,26,60619,-87.6246784046144,41.7559908722687,0,1,1
402,F,Hi,72,60629,-87.737939737464,41.7887379687747,0,3,1
403,M,Bl,43,60304,-87.7905108417602,41.8655276195223,0,2,2
404,M,Hi,47,60618,-87.7235773221226,41.9357761455909,0,3,1
405,F,Hi,24,60639,-87.773518641322,41.9088227739294,1,3,1
406,M,Wh,74,60304,-87.7841746713064,41.8686967825131,0,1,2
407,M,Wh,28,60501,-87.8180476644938,41.7856797700143,0,1,2
408,M,Hi,21,60608,-87.6717374761193,41.8466610922483,1,3,1
409,M,Hi,41,60302,-87.7915495975905,41.8843089217005,0,3,2
410,F,Bl,25,60647,-87.7042808994361,41.9151154894164,1,2,1
411,F,Wh,23,60462,-87.8323686956231,41.6333894494469,1,1,2
412,M,Bl,63,60438,-87.5428250919132,41.575362132686,0,2,2
413,F,Hi,40,60620,-87.6329952797893,41.7543259765164,0,3,1
414,F,Bl,31,60194,-88.1254930523854,42.0242419137444,0,2,2
415,M,Hi,25,60657,-87.6498180450759,41.9452173663436,1,3,1
416,M,Bl,32,60640,-87.6502922766158,41.9683073553401,0,2,1
417,F,Ot,57,60618,-87.6803434117413,41.9563324261833,0,4,1
418,M,Wh,43,60415,-87.763508521055,41.6915812204457,0,1,2
419,F,Wh,26,60935,-88.2080423280503,41.1744989113171,0,1,2
420,M,Bl,41,60629,-87.7284939730898,41.7789919696302,0,2,1
421,M,Bl,67,60604,-87.6251747876682,41.8775931720235,0,2,1
422,M,Hi,35,60097,-88.3803637344866,42.4245635458337,0,3,2
423,F,Bl,23,60624,-87.7124189280449,41.8949676647852,1,2,1
424,F,Wh,24,60050,-88.2762967264553,42.3602619498885,1,1,2
425,F,Bl,29,60620,-87.6352632716367,41.7374814690728,0,2,1
426,M,Wh,22,60176,-87.8786697915772,41.9587049725935,1,1,2
427,M,Hi,33,60652,-87.7408921978011,41.7670864193291,0,3,1
428,M,Wh,43,60202,-87.67335456802,42.0336732395851,0,1,2
429,M,Wh,61,60661,-87.6444335912479,41.8856721881773,0,1,1
430,M,Wh,26,60152,-88.6074762170716,42.1854953664446,0,1,2
431,F,Wh,20,60021,-88.2151388491802,42.1998367415022,1,1,2
432,M,Bl,69,60625,-87.7071237602549,41.967144170063,0,2,1
433,M,Wh,30,60074,-88.0071795005695,42.1271949527342,0,1,2
434,M,Ot,27,60639,-87.7780410861844,41.9197871589866,0,4,1
435,M,Bl,28,60624,-87.7282355123207,41.8789561446866,0,2,1
436,M,Hi,53,60608,-87.6904796600329,41.844662046986,0,3,1
437,M,Bl,33,60626,-87.6771449086828,42.0061372332829,0,2,1
438,F,Wh,56,60625,-87.7105447571135,41.9686568901499,0,1,1
439,M,Hi,30,60634,-87.7980207116995,41.9481072646552,0,3,1
440,F,Wh,40,60615,-87.6125791732008,41.8030467239987,0,1,1
441,F,Wh,23,60490,-88.1680909516569,41.6528807442706,1,1,2
442,F,Hi,19,60634,-87.7812844016777,41.9381294154656,1,3,1
443,M,Hi,76,60624,-87.7162622965734,41.8815014814962,0,3,1
444,M,Hi,40,60555,-88.1766057993154,41.8330184901271,0,3,2
445,M,Wh,76,60608,-87.6759607818525,41.8375271585298,0,1,1
446,F,Bl,48,60628,-87.6089333971581,41.6816260251601,0,2,1
447,F,Hi,21,60651,-87.7362979621451,41.900976171847,1,3,1
448,M,Hi,72,60629,-87.6910351749026,41.7876595420526,0,3,1
449,F,Bl,26,60653,-87.6094426299617,41.8247177907048,0,2,1
450,F,Wh,33,60130,-87.8220871016143,41.874246851084,0,1,2
451,F,Ot,68,60647,-87.693399528831,41.9151570624885,0,4,1
452,F,Wh,34,60644,-87.7555526121412,41.8904780624442,0,1,1
453,F,Wh,76,60118,-88.3359397083102,42.1150507563997,0,1,2
454,M,Wh,20,60608,-87.6860252470014,41.8461757972206,1,1,1
455,M,Wh,61,60632,-87.6922778125808,41.8090709096638,0,1,1
456,F,Hi,43,60804,-87.7432697200393,41.8237273134203,0,3,2
457,M,Bl,28,60601,-87.6247206113084,41.8877124795452,0,2,1
458,M,Hi,57,60610,-87.6236653163165,41.9061422887077,0,3,1
459,M,Bl,41,60637,-87.6011223112965,41.7944262819914,0,2,1
460,M,Bl,46,60657,-87.652736334205,41.9409286276527,0,2,1
461,M,Wh,64,60608,-87.6804114163395,41.8610338580966,0,1,1
462,F,Hi,39,60623,-87.709320673531,41.8498106300749,0,3,1
463,F,Wh,32,60415,-87.7611941681438,41.6974167308569,0,1,2
464,F,Bl,80,60123,-88.3216330058492,42.0282447496354,0,2,2
465,M,Bl,77,60604,-87.633599799999,41.8776300629218,0,2,1
466,F,Wh,21,60137,-88.055966838946,41.8472387157578,1,1,2
467,M,Bl,42,60614,-87.6387513090339,41.9259453815232,0,2,1
468,F,Bl,68,60612,-87.6856619240945,41.8687890692301,0,2,1
469,M,Wh,21,60126,-87.943923323054,41.8703489826468,1,1,2
470,M,Wh,24,60513,-87.8547073958562,41.816197754179,1,1,2
471,F,Wh,30,60457,-87.8252083610738,41.7322616220899,0,1,2
472,F,Wh,20,60188,-88.131675168087,41.9093335487575,1,1,2
473,M,Hi,21,60623,-87.7390736381865,41.8492162541384,1,3,1
474,M,Wh,22,60453,-87.7898322871748,41.7184173969311,1,1,2
475,F,Wh,31,60173,-88.0398272453002,42.0701871856965,0,1,2
476,F,Bl,76,60624,-87.7380473317613,41.8916549696973,0,2,1
477,M,Bl,78,60651,-87.7587924521124,41.8999342963815,0,2,1
478,M,Wh,60,60181,-87.9749342239314,41.8881766848476,0,1,2
479,M,Wh,22,60506,-88.3526727119201,41.7922583969544,1,1,2
480,F,Wh,29,60625,-87.7119508417128,41.9823667619995,0,1,1
481,M,Hi,30,60164,-87.9066439641827,41.9295539783205,0,3,2
482,F,Wh,44,60631,-87.7937526493276,41.9832765273377,0,1,1
483,F,Wh,34,60174,-88.2738608063684,41.9165931555028,0,1,2
484,F,Bl,77,60628,-87.630779696582,41.6857681500608,0,2,1
485,M,Bl,36,60640,-87.6585698118726,41.9815447643992,0,2,1
486,M,Ot,20,60641,-87.7565019042939,41.945619750624,1,4,1
487,M,Bl,34,60187,-88.0898109131969,41.8719187765617,0,2,2
488,F,Hi,49,60623,-87.7255710029272,41.8553973467556,0,3,1
489,F,Wh,19,60439,-87.9879072337042,41.691580371745,1,1,2
490,F,Bl,61,60123,-88.3094887768486,42.0496359162664,0,2,2
491,F,Wh,18,60613,-87.6378733256825,41.965471426262,1,1,1
492,M,Bl,27,60617,-87.5338568497681,41.7405894876323,0,2,1
493,M,Wh,58,60659,-87.7019205390431,41.9925411442594,0,1,1
494,M,Wh,22,60464,-87.8955989341232,41.6628050570082,1,1,2
495,M,Bl,29,60153,-87.8475344570614,41.8682974823548,0,2,2
496,F,Ot,23,60458,-87.8483029087519,41.7458397778389,1,4,2
497,M,Wh,22,60187,-88.1311937700545,41.8853529007302,1,1,2
498,M,Wh,24,60435,-88.1512432883611,41.5647146673555,1,1,2
499,M,Wh,42,60638,-87.7799946314092,41.7645957925962,0,1,1
500,M,Hi,68,60647,-87.7022283332056,41.9260875676692,0,3,1
501,M,Hi,33,61301,-89.0418786128924,41.4369362410138,0,3,2
502,M,Wh,62,60624,-87.7203921015538,41.8760744501689,0,1,1
503,M,Bl,61,60617,-87.576594236171,41.7451522889198,0,2,1
504,M,Wh,23,60153,-87.858971505575,41.8748862682413,1,1,2
505,M,Bl,26,60614,-87.6386727789725,41.9155338708422,0,2,1
506,M,Ot,33,60102,-88.2661570290827,42.1546228033911,0,4,2
507,M,Hi,33,60402,-87.7802720968923,41.8375068063446,0,3,2
508,M,Wh,24,60068,-87.8585713377632,42.0180396317359,1,1,2
509,M,Wh,32,60062,-87.8370170274102,42.1463882251762,0,1,2
510,F,Bl,53,60626,-87.6707093603974,42.0162259405781,0,2,1
511,M,Wh,44,60641,-87.7559606024452,41.9397705909547,0,1,1
512,M,Hi,29,60617,-87.5584737627669,41.6718698049495,0,3,1
513,M,Wh,25,60050,-88.2802306224323,42.3563306640707,1,1,2
514,M,Bl,53,60624,-87.7256530614819,41.871434485037,0,2,1
515,M,Wh,18,60707,-87.799620261956,41.92289852936,1,1,2
516,M,Wh,21,60077,-87.7610872463466,42.0222753059262,1,1,2
517,M,Bl,66,60624,-87.7245247836684,41.8857671620335,0,2,1
518,F,Wh,38,60609,-87.6535138650155,41.8256419738685,0,1,1
519,F,Ot,20,60008,-88.0113150733265,42.0534679963163,1,4,2
520,M,Bl,20,60615,-87.6196969729522,41.8053287905386,1,2,1
521,F,Bl,22,60644,-87.7673839065689,41.8934217315988,1,2,1
522,M,Hi,33,60641,-87.7373464098023,41.9579019335099,0,3,1
523,M,Wh,26,60510,-88.3625293485197,41.8598611698516,0,1,2
524,F,Bl,21,60644,-87.7730581353149,41.88440649571,1,2,1
525,M,Wh,23,60565,-88.0697924892585,41.7457877855461,1,1,2
526,M,Hi,36,60612,-87.6757658531277,41.8697183810718,0,3,1
527,M,Wh,21,60123,-88.3369861451374,42.0402863743831,1,1,2
528,M,Wh,19,60402,-87.7842049317521,41.8398510994359,1,1,2
529,F,Wh,23,60506,-88.3471680650103,41.7442959982471,1,1,2
530,F,Bl,63,60651,-87.7392049835743,41.9050489247152,0,2,1
531,M,Wh,23,60093,-87.7601270070226,42.0961118327084,1,1,2
532,F,Wh,20,60651,-87.7242133761054,41.9092640998116,1,1,1
533,F,Bl,53,60619,-87.5974650106429,41.7526148107641,0,2,1
534,F,Bl,70,60609,-87.6363701607554,41.7969422027058,0,2,1
535,M,Wh,30,60707,-87.8126336226572,41.9138441048087,0,1,2
536,F,Bl,63,60619,-87.5893717380134,41.7425950700163,0,2,1
537,M,Wh,32,61101,-89.1535078608849,42.3377693271695,0,1,2
538,M,Wh,28,60062,-87.8466356598026,42.1442721595524,0,1,2
539,M,Bl,28,60644,-87.740808428824,41.8852059788386,0,2,1
540,F,Wh,27,60108,-88.0719302954703,41.9456236256556,0,1,2
541,M,Bl,21,60107,-88.1746746440954,42.0296380747871,1,2,2
542,F,Bl,31,60130,-87.8285353164408,41.8538020464403,0,2,2
543,M,Wh,56,60651,-87.7241599523896,41.896531607252,0,1,1
544,M,Bl,45,60621,-87.6346097796206,41.7704085898903,0,2,1
545,F,Wh,39,60652,-87.7308190956143,41.7623072691498,0,1,1
546,M,Wh,18,60153,-87.8541222826717,41.8763213729622,1,1,2
547,M,Hi,80,60608,-87.6489957641222,41.8432803867401,0,3,1
548,M,Hi,19,60632,-87.7183210681241,41.8115218870457,1,3,1
549,M,Wh,62,60516,-88.0046382043295,41.7842974716008,0,1,2
550,F,Bl,32,60612,-87.681363532644,41.8671356554834,0,2,1
551,M,Hi,24,60440,-88.1017701976234,41.6689399461758,1,3,2
552,F,Wh,33,60506,-88.3127651328512,41.7654454033478,0,1,2
553,F,Bl,19,60624,-87.7316734549512,41.8682658464148,1,2,1
554,F,Ot,20,60707,-87.8068140171988,41.9114512241567,1,4,2
555,M,Wh,50,60402,-87.7909378896205,41.8212291076323,0,1,2
556,F,Hi,21,60641,-87.7317588073067,41.9604049637929,1,3,1
557,M,Ot,30,60171,-87.828796498179,41.9228663501608,0,4,2
558,M,Bl,40,60638,-87.753791519351,41.7864367031592,0,2,1
559,M,Wh,60,60516,-88.0112665821438,41.7623442286987,0,1,2
560,F,Wh,40,60506,-88.3794223898828,41.7598933046377,0,1,2
561,M,Bl,45,60651,-87.7217119861698,41.9064409352217,0,2,1
562,M,Bl,42,60649,-87.5573231794208,41.7605223901162,0,2,1
563,F,Hi,24,60458,-87.8307367335449,41.7530478335532,1,3,2
564,M,Wh,22,60514,-87.9633264260825,41.7827126098932,1,1,2
565,M,Wh,58,60624,-87.7156893558692,41.8829320793802,0,1,1
566,M,Wh,41,60077,-87.7574819919719,42.0145320515292,0,1,2
567,M,Bl,39,60546,-87.8120646278318,41.8391348653991,0,2,2
568,F,Wh,32,60084,-88.1560373294633,42.2750292893474,0,1,2
569,M,Bl,37,60304,-87.8032503118195,41.8702246965151,0,2,2
570,F,Bl,51,60621,-87.6340138071139,41.7721426828569,0,2,1
571,F,Wh,26,60651,-87.7436224719967,41.9066798509061,0,1,1
572,M,Wh,21,60153,-87.8451180457168,41.868352677591,1,1,2
573,M,Wh,26,60174,-88.3365941143567,41.9208740704637,0,1,2
574,F,Wh,24,60610,-87.6408780168928,41.903061761138,1,1,1
575,F,Bl,69,60643,-87.6794019550569,41.7196782812968,0,2,1
576,F,Bl,55,60622,-87.6904094631509,41.9063793447655,0,2,1
577,M,Hi,29,60409,-87.5406994540316,41.6117799439102,0,3,2
578,M,Wh,18,60464,-87.9075171633478,41.6633200799053,1,1,2
579,M,Hi,58,60657,-87.6664404317467,41.9437220187175,0,3,1
580,M,Wh,30,60506,-88.3609802770331,41.7519717441563,0,1,2
581,M,Bl,44,60302,-87.790880957273,41.9034710931821,0,2,2
582,M,Wh,19,60005,-87.9988040898363,42.072624703712,1,1,2
583,F,Wh,28,60173,-88.0620876742684,42.0496988105501,0,1,2
584,M,Wh,20,60805,-87.7148627110956,41.7164514606226,1,1,2
585,M,Hi,24,60804,-87.7575945703884,41.8302119353541,1,3,2
586,F,Wh,32,60707,-87.8084545213329,41.9210133204442,0,1,2
587,F,Wh,35,60120,-88.1677547462999,42.061490633205,0,1,2
588,M,Hi,41,60804,-87.7572841064714,41.8625424524801,0,3,2
589,M,Bl,49,60619,-87.593114236407,41.7262158632063,0,2,1
590,M,Wh,24,60410,-88.1763061925463,41.4390269615138,1,1,2
591,F,Wh,41,60660,-87.6733655010351,41.9982979791477,0,1,1
592,F,Wh,30,60471,-87.719124649054,41.4808070842501,0,1,2
593,F,Wh,43,60660,-87.6672926090546,41.9983200176639,0,1,1
594,M,Wh,29,60615,-87.6056843880902,41.7979191064427,0,1,1
595,M,Bl,66,60654,-87.6299506903802,41.8918744652087,0,2,1
596,M,Wh,29,60107,-88.1933433494685,42.0324022679503,0,1,2
597,M,Wh,32,60623,-87.7174336315304,41.8484781775401,0,1,1
598,M,Wh,21,60459,-87.7458873505714,41.7429132072149,1,1,2
599,F,Bl,66,60660,-87.6774089686301,41.9944117337497,0,2,1
600,F,Hi,23,60107,-88.1785605236458,42.0107835037375,1,3,2
601,M,Hi,25,60614,-87.6718436380181,41.9270188276077,1,3,1
602,M,Wh,24,60477,-87.7886349738355,41.5838509951614,1,1,2
603,F,Wh,18,60617,-87.5782527530286,41.7478502553595,1,1,1
604,M,Hi,51,60613,-87.6630857661245,41.9538409122305,0,3,1
605,F,Bl,65,60155,-87.8546947568254,41.8463487201231,0,2,2
606,F,Bl,80,60612,-87.6839314672731,41.8763110739384,0,2,1
607,F,Wh,34,60445,-87.7487614185587,41.6456789180292,0,1,2
608,F,Wh,21,60706,-87.7912879383396,41.9622509594242,1,1,2
609,F,Wh,21,60651,-87.772610754029,41.905065860953,1,1,1
610,F,Wh,32,60645,-87.6960739279551,42.0028358027225,0,1,1
611,M,Hi,30,60612,-87.7004066240705,41.881609731206,0,3,1
612,F,Bl,69,60619,-87.5867102399178,41.7537862022941,0,2,1
613,M,Bl,61,60623,-87.7222296888887,41.8612990745368,0,2,1
614,F,Ot,41,60644,-87.7641987043778,41.8832996461423,0,4,1
615,M,Bl,62,60402,-87.7919471397923,41.8492269472486,0,2,2
616,M,Wh,34,61356,-89.3537899527067,41.4562606601494,0,1,2
617,M,Bl,23,60107,-88.1551116884589,42.0334251583975,1,2,2
618,F,Bl,50,60628,-87.6129825424906,41.6670608354928,0,2,1
619,F,Bl,80,60623,-87.7059564076796,41.8384300436103,0,2,1
620,F,Ot,79,60647,-87.7064706325772,41.9285425717073,0,4,1
621,F,Wh,20,60540,-88.1099382336136,41.7788447665481,1,1,2
622,F,Hi,36,60651,-87.7104190778248,41.8968562135299,0,3,1
623,M,Wh,42,60005,-87.9771229041049,42.0651380458719,0,1,2
624,F,Bl,46,60651,-87.728749025955,41.9029376734117,0,2,1
625,M,Hi,23,60457,-87.832942817358,41.737063947599,1,3,2
626,M,Hi,40,60630,-87.7281941488978,41.9653266782451,0,3,1
627,F,Hi,41,60612,-87.6715398559333,41.8836038039525,0,3,1
628,M,Hi,25,60611,-87.6082656554146,41.8985267363857,1,3,1
629,M,Bl,61,60616,-87.6110935927116,41.8395186884641,0,2,1
630,F,Wh,24,60804,-87.7602369447028,41.8581446209717,1,1,2
631,F,Wh,24,60181,-87.9919827157587,41.8531732033314,1,1,2
632,M,Bl,48,60402,-87.7989724256262,41.8309423971866,0,2,2
633,F,Bl,46,60620,-87.6597562437129,41.755137224716,0,2,1
634,F,Wh,65,60153,-87.8557694650039,41.8806857280669,0,1,2
635,M,Wh,22,60526,-87.8656955082542,41.8272698848115,1,1,2
636,M,Bl,35,60616,-87.6054086651226,41.8365951424986,0,2,1
637,F,Wh,35,60070,-87.9292678262285,42.1068827918892,0,1,2
638,M,Wh,44,60193,-88.1259686850091,42.0232035551989,0,1,2
639,M,Wh,58,60609,-87.6446241065745,41.799902437211,0,1,1
640,F,Wh,22,60639,-87.7558445628728,41.9195672089187,1,1,1
641,M,Hi,76,60618,-87.6836582829244,41.9538855099068,0,3,1
642,M,Bl,38,60130,-87.8050580311622,41.8853819515421,0,2,2
643,F,Wh,43,60540,-88.1733417815304,41.76290043563,0,1,2
644,F,Wh,27,61913,-88.4985197098084,39.8114362699076,0,1,2
645,M,Hi,41,60651,-87.7670215313069,41.9023332756535,0,3,1
646,F,Ot,35,60660,-87.6507678965134,41.9949603621197,0,4,1
647,M,Hi,74,60625,-87.7151403825155,41.9761372897818,0,3,1
648,M,Wh,47,60565,-88.0971278840075,41.7340230698957,0,1,2
649,F,Wh,56,60612,-87.7048147402366,41.8875548439718,0,1,1
650,F,Bl,23,60901,-87.9648529084835,41.1336148341607,1,2,2
651,M,Wh,66,60608,-87.66880468329,41.8395715062419,0,1,1
652,M,Hi,44,60625,-87.6958045511331,41.9618766464071,0,3,1
653,M,Bl,62,60608,-87.66494131838,41.8481144099428,0,2,1
654,M,Hi,45,60622,-87.6759335568884,41.9016126790867,0,3,1
655,F,Wh,24,60458,-87.8211705908004,41.7512213107235,1,1,2
656,M,Wh,19,60153,-87.8458135395156,41.8667550424691,1,1,2
657,M,Wh,72,60652,-87.6894656916096,41.7438651085183,0,1,1
658,F,Wh,23,60148,-88.0081661081766,41.859747358296,1,1,2
659,M,Wh,46,60101,-88.028746874353,41.9252121893333,0,1,2
660,M,Bl,41,60304,-87.7979645415323,41.8744188642469,0,2,2
661,M,Bl,29,60615,-87.5846071283775,41.8004714417118,0,2,1
662,M,Bl,36,60628,-87.6419055240645,41.7159673403963,0,2,1
663,M,Ot,61,60647,-87.723569770081,41.9103797835699,0,4,1
664,F,Hi,37,60804,-87.7607627575058,41.835158280771,0,3,2
665,F,Bl,65,60624,-87.7393884527488,41.892524208751,0,2,1
666,M,Bl,34,60643,-87.6606463255506,41.6948925074125,0,2,1
667,F,Wh,31,60630,-87.759653294098,41.9659904760502,0,1,1
668,F,Wh,44,60443,-87.753076073245,41.5232301093997,0,1,2
669,F,Wh,33,60559,-87.9730288871757,41.8134363269561,0,1,2
670,M,Hi,29,60617,-87.5330301006171,41.6893523630956,0,3,1
671,M,Wh,22,60188,-88.1301016020269,41.9078818848226,1,1,2
672,M,Wh,73,60084,-88.1111246075641,42.250185705035,0,1,2
673,F,Wh,24,60639,-87.768252411074,41.9109198065293,1,1,1
674,F,Wh,29,60056,-87.9460511003959,42.0686030854196,0,1,2
675,M,Wh,20,60123,-88.3041280223192,42.0662724011769,1,1,2
676,M,Wh,22,60302,-87.7831315241616,41.9074007317324,1,1,2
677,F,Wh,27,60008,-88.0267282712466,42.1014262580993,0,1,2
678,M,Hi,41,60624,-87.7140316678505,41.8841936056491,0,3,1
679,M,Wh,23,60462,-87.8604825917545,41.6282164832821,1,1,2
680,M,Wh,42,60102,-88.3649696819148,42.1703603185805,0,1,2
681,F,Wh,23,60455,-87.8095483810931,41.7052941064894,1,1,2
682,F,Wh,27,60613,-87.6359568119435,41.9600619999804,0,1,1
683,M,Hi,30,60201,-87.6944032483372,42.0563223886591,0,3,2
684,M,Wh,59,60641,-87.744646913224,41.9552563656573,0,1,1
685,M,Wh,28,60202,-87.6879353439254,42.0319218140636,0,1,2
686,F,Wh,22,60656,-87.8136974049051,41.9752669939327,1,1,1
687,M,Wh,69,60160,-87.8631421325095,41.8984040358458,0,1,2
688,M,Hi,31,60647,-87.6940583721819,41.9214999983419,0,3,1
689,F,Bl,78,60643,-87.6613287494411,41.7182162398914,0,2,1
690,F,Wh,33,60654,-87.6384352603902,41.8937203535134,0,1,1
691,M,Bl,47,60616,-87.6402615864445,41.8408629760827,0,2,1
692,M,Hi,34,60804,-87.7549591788897,41.853726978706,0,3,2
693,M,Wh,27,60446,-88.0620255984344,41.6287614245296,0,1,2
694,F,Hi,24,60622,-87.6745419599967,41.9177768843168,1,3,1
695,F,Wh,23,60162,-87.8966398386643,41.8661353821457,1,1,2
696,M,Hi,21,60622,-87.6761514266923,41.9113726439294,1,3,1
697,F,Ot,19,60073,-88.0613514833568,42.3906171632373,1,4,2
698,M,Wh,29,60526,-87.8865372327501,41.8322244697071,0,1,2
699,M,Bl,34,60622,-87.6847803563556,41.90803865836,0,2,1
700,F,Bl,67,60626,-87.6730838124334,42.0137803225689,0,2,1
701,M,Wh,27,60172,-88.0666119507213,41.9888773733567,0,1,2
702,M,Wh,26,60074,-88.0161751790603,42.1398909986192,0,1,2
703,M,Hi,79,60005,-88.0062568112624,42.0599455644598,0,3,2
704,M,Wh,25,60130,-87.8149975333733,41.8744118255713,1,1,2
705,M,Hi,35,60534,-87.8187767386058,41.814381883064,0,3,2
706,M,Wh,33,60467,-87.8615434662038,41.5967444650674,0,1,2
707,M,Wh,24,60640,-87.6709935033632,41.9729977643246,1,1,1
708,M,Bl,58,60640,-87.6635367665307,41.9740933599863,0,2,1
709,F,Ot,23,60626,-87.6717480179823,42.013529851722,1,4,1
710,F,Bl,47,60647,-87.7061321440511,41.929267815652,0,2,1
711,M,Hi,29,60638,-87.796349236055,41.780164315278,0,3,1
712,M,Bl,50,60608,-87.6820179115069,41.8388458489716,0,2,1
713,M,Hi,35,60555,-88.2022485693599,41.8329932958342,0,3,2
714,M,Wh,41,60445,-87.7451467494886,41.6276967153663,0,1,2
715,M,Wh,44,60652,-87.7046766918678,41.7489964749145,0,1,1
716,M,Bl,37,60614,-87.6411768294592,41.916947649678,0,2,1
717,M,Hi,22,60172,-88.0945428600928,41.9785825365856,1,3,2
718,M,Wh,68,60640,-87.6747013401853,41.9660790639609,0,1,1
719,M,Wh,70,60628,-87.609928528762,41.6933289108621,0,1,1
720,M,Bl,35,60640,-87.6674531599669,41.9726551449516,0,2,1
721,F,Hi,36,60634,-87.7897201792663,41.952693902538,0,3,1
722,M,Wh,24,60015,-87.9189106114611,42.1824680196008,1,1,2
723,F,Bl,23,60638,-87.780770788105,41.7615279061229,1,2,1
724,M,Wh,23,60615,-87.5874468244103,41.7933782541047,1,1,1
725,M,Wh,20,60193,-88.1122399925989,41.9973518832244,1,1,2
726,M,Wh,40,60084,-88.133541068854,42.24138963651,0,1,2
727,M,Ot,28,60608,-87.6574763801124,41.8358552093018,0,4,1
728,F,Wh,24,60438,-87.5265305995234,41.5642263969338,1,1,2
729,M,Hi,29,60630,-87.7878213983695,41.9797292347706,0,3,1
730,F,Wh,28,60173,-88.0565634970808,42.0622569375252,0,1,2
731,M,Hi,65,60651,-87.7737061315076,41.9016700532955,0,3,1
732,M,Wh,25,60608,-87.6887793402887,41.8465233176828,1,1,1
733,F,Wh,21,60613,-87.6570941047104,41.954895097387,1,1,1
734,M,Wh,24,60659,-87.7010660300687,41.9888875757436,1,1,1
735,F,Bl,54,60622,-87.6932815132727,41.9083764852151,0,2,1
736,F,Wh,40,60097,-88.3781216549546,42.3791078700587,0,1,2
737,M,Bl,57,60101,-88.0109384649893,41.9284959052674,0,2,2
738,M,Wh,76,60651,-87.71125780084,41.9007478818804,0,1,1
739,F,Wh,34,60714,-87.799783504921,42.032911285785,0,1,2
740,F,Wh,21,60067,-88.0601203912688,42.0958066710909,1,1,2
741,F,Bl,23,60624,-87.7301125129595,41.8793290024809,1,2,1
742,F,Wh,43,60638,-87.7454239656308,41.7801964145396,0,1,1
743,M,Bl,18,60612,-87.6786279155763,41.8740327468253,1,2,1
744,M,Wh,36,60505,-88.301171458222,41.7385656832305,0,1,2
745,M,Wh,18,60629,-87.6879305437149,41.7793141134917,1,1,1
746,M,Wh,40,60445,-87.7112627248367,41.6195207223782,0,1,2
747,F,Hi,35,60634,-87.7669476182291,41.9521474143018,0,3,1
748,F,Bl,56,60609,-87.6685252342266,41.8160036867694,0,2,1
749,F,Ot,42,60634,-87.7848050689057,41.9317431007862,0,4,1
750,M,Wh,22,60014,-88.36307788097,42.1965037443698,1,1,2
751,M,Wh,43,60139,-88.0573090983,41.9242664333797,0,1,2
752,M,Wh,66,60191,-87.9790722150911,41.9566040513541,0,1,2
753,F,Wh,35,60540,-88.0904549232253,41.7532004979227,0,1,2
754,M,Bl,34,60626,-87.6599276649976,42.0094232964247,0,2,1
755,M,Wh,30,60651,-87.7499501308491,41.899964029364,0,1,1
756,F,Bl,45,60623,-87.7070950529788,41.8379416990782,0,2,1
757,F,Bl,65,60636,-87.667982430165,41.7759899913569,0,2,1
758,M,Hi,43,60624,-87.7093603741155,41.8946285179835,0,3,1
759,F,Hi,73,60639,-87.7625146338077,41.9210445823448,0,3,1
760,M,Hi,26,60660,-87.6677182796433,41.9881510669107,0,3,1
761,F,Wh,21,60805,-87.6902578332208,41.7250079520043,1,1,2
762,F,Wh,26,60559,-87.9602713943912,41.8118597637806,0,1,2
763,M,Wh,18,60639,-87.7305926638792,41.9269194456269,1,1,1
764,F,Hi,40,60647,-87.7251305929581,41.9155805441714,0,3,1
765,M,Ot,32,60171,-87.8394037367192,41.9250682047915,0,4,2
766,M,Wh,68,60513,-87.8597460230666,41.8223730029723,0,1,2
767,F,Bl,76,60155,-87.8664851308797,41.8651232070222,0,2,2
768,M,Bl,52,60630,-87.7747939874279,41.9785259355293,0,2,1
769,M,Bl,39,60643,-87.6798497840279,41.7240501660981,0,2,1
770,M,Wh,32,60619,-87.5995831638978,41.7592720177163,0,1,1
771,F,Hi,24,60651,-87.7611546093496,41.9017971118199,1,3,1
772,F,Wh,23,60134,-88.2845917550608,41.8734557805714,1,1,2
773,F,Hi,22,60608,-87.6940416035198,41.8540938089032,1,3,1
774,M,Ot,34,60162,-87.8960291404841,41.8748656311752,0,4,2
775,F,Bl,73,60647,-87.7102710665993,41.929752969952,0,2,1
776,F,Bl,60,60302,-87.8044224657181,41.8806174991666,0,2,2
777,F,Bl,61,60155,-87.8473934362731,41.8560397364879,0,2,2
778,F,Wh,24,60555,-88.1691070197278,41.8129705378108,1,1,2
779,M,Hi,34,60016,-87.9230222501373,42.0326562133055,0,3,2
780,F,Hi,42,60641,-87.741754522592,41.9347728368663,0,3,1
781,M,Ot,32,60435,-88.0967929542088,41.5285252325831,0,4,2
782,F,Wh,72,60172,-88.0732256695928,41.9857285002127,0,1,2
783,F,Wh,41,60657,-87.6726061304846,41.9346887532965,0,1,1
784,M,Bl,68,60644,-87.7743949985933,41.8796726847071,0,2,1
785,F,Bl,33,60624,-87.7351615368098,41.8746497160833,0,2,1
786,M,Ot,33,60630,-87.7506498245945,41.9804169146102,0,4,1
787,F,Hi,36,60625,-87.7170051055921,41.9724022076755,0,3,1
788,M,Hi,27,60160,-87.8365605698451,41.8988849417638,0,3,2
789,M,Hi,31,60126,-87.9590450021326,41.9162089287077,0,3,2
790,M,Bl,74,60302,-87.7793807687336,41.8981323478489,0,2,2
791,F,Bl,55,60660,-87.6732873389382,41.9978699459677,0,2,1
792,M,Wh,25,60526,-87.8681603136019,41.8284476589489,1,1,2
793,F,Wh,28,60188,-88.1397291316689,41.8889314142367,0,1,2
794,F,Bl,70,60636,-87.6560682684171,41.7848895661547,0,2,1
795,M,Hi,29,60193,-88.0632300540522,42.0003858534561,0,3,2
796,F,Wh,28,60625,-87.698962623922,41.9769088822899,0,1,1
797,M,Hi,18,60623,-87.71330566903,41.8383276074927,1,3,1
798,F,Hi,41,60644,-87.7563957901455,41.8754931612542,0,3,1
799,M,Wh,20,60653,-87.5886022851707,41.8222673992041,1,1,1
800,M,Wh,34,60654,-87.6358191905499,41.8944389018995,0,1,1
801,M,Wh,73,60089,-87.9712950716107,42.1899866065528,0,1,2
802,F,Hi,23,60181,-87.9636684078949,41.8473244290342,1,3,2
803,F,Bl,50,60626,-87.6718557052079,41.9989180046674,0,2,1
804,M,Wh,18,60647,-87.7189068372015,41.9251443769803,1,1,1
805,F,Bl,28,60644,-87.7450385173253,41.8703248601641,0,2,1
806,F,Wh,22,60181,-87.9676360359562,41.8674263711182,1,1,2
807,F,Wh,38,60641,-87.7317449426846,41.9376921508521,0,1,1
808,F,Wh,36,60639,-87.7301513166788,41.9282169117117,0,1,1
809,F,Bl,50,60155,-87.8537188747976,41.861362634085,0,2,2
810,M,Bl,42,60501,-87.8101503236777,41.7926789616595,0,2,2
811,F,Wh,34,60637,-87.6229619056261,41.778069089085,0,1,1
812,F,Bl,31,60660,-87.6549455892265,41.9964156519632,0,2,1
813,M,Ot,69,60657,-87.6640982734446,41.9359653885508,0,4,1
814,F,Hi,44,60629,-87.7408808995416,41.7574747840888,0,3,1
815,M,Bl,35,60638,-87.7898314722672,41.7849687801431,0,2,1
816,F,Hi,41,60623,-87.7008656942747,41.861056586762,0,3,1
817,F,Hi,36,60644,-87.7598011531314,41.8899046937674,0,3,1
818,M,Wh,51,60654,-87.632413229013,41.8949287937389,0,1,1
819,M,Hi,29,60625,-87.6882207210843,41.9805717850439,0,3,1
820,M,Wh,33,60540,-88.1913690372265,41.7664728240406,0,1,2
821,M,Wh,69,60419,-87.5871989487694,41.6380834929049,0,1,2
822,M,Wh,23,60416,-88.2676382552448,41.2824966912227,1,1,2
823,M,Hi,33,60016,-87.9077913810497,42.0428073656317,0,3,2
824,M,Wh,34,60087,-87.836335790739,42.4118781068492,0,1,2
825,M,Bl,30,60153,-87.8494779281952,41.8836778966512,0,2,2
826,F,Hi,20,60402,-87.8026050406608,41.8441431777544,1,3,2
827,F,Bl,28,60651,-87.7320241541602,41.9005077583587,0,2,1
828,F,Wh,33,60155,-87.8619745336465,41.8529921193592,0,1,2
829,M,Wh,24,60602,-87.6329299901879,41.8837368328734,1,1,1
830,F,Wh,33,60626,-87.6687923445613,42.012977513536,0,1,1
831,M,Bl,19,60651,-87.7460518723593,41.8997772573725,1,2,1
832,F,Wh,39,60804,-87.7717428304198,41.8515348297051,0,1,2
833,M,Hi,47,60657,-87.6689483079678,41.9365194578789,0,3,1
834,M,Wh,30,60016,-87.8679794260564,42.0624949012236,0,1,2
835,F,Bl,78,60615,-87.5887607887856,41.8104402659827,0,2,1
836,M,Wh,20,60565,-88.0989654315514,41.7258339063603,1,1,2
837,F,Wh,24,60458,-87.8223120482934,41.7398724701319,1,1,2
838,M,Hi,57,60647,-87.6809838620875,41.9202236379917,0,3,1
839,M,Wh,24,60107,-88.1749507440992,42.0099420696309,1,1,2
840,M,Wh,26,60559,-87.9688608054996,41.8053688022353,0,1,2
841,M,Hi,53,60608,-87.6716319958539,41.8561241582143,0,3,1
842,M,Wh,23,60534,-87.8312161618657,41.8155585975143,1,1,2
843,M,Wh,28,60652,-87.7288227606298,41.7347643522571,0,1,1
844,M,Wh,27,60046,-88.0007075403183,42.3675417989917,0,1,2
845,M,Bl,26,60636,-87.6779397651798,41.7794285828017,0,2,1
846,M,Hi,72,60610,-87.6144926790946,41.9136847723813,0,3,1
847,M,Bl,33,60644,-87.7623434990317,41.8908532118029,0,2,1
848,F,Wh,30,60624,-87.7398155200848,41.8870160411027,0,1,1
849,F,Bl,21,60621,-87.6349212093641,41.7602031683668,1,2,1
850,M,Wh,29,60187,-88.1323074806275,41.8830119013672,0,1,2
851,M,Wh,19,60516,-88.0223899577798,41.7517316999559,1,1,2
852,M,Hi,54,60804,-87.765073113068,41.8618715752559,0,3,2
853,M,Wh,34,60626,-87.6684017676448,42.0128978570703,0,1,1
854,M,Wh,26,60457,-87.8422818063373,41.7307229517058,0,1,2
855,M,Wh,20,60194,-88.1359880878719,42.0404545590588,1,1,2
856,F,Wh,28,60624,-87.7334464046188,41.8913708567997,0,1,1
857,F,Ot,21,60441,-88.0176002821786,41.5770538579876,1,4,2
858,M,Bl,28,60628,-87.6342668037079,41.6674791013394,0,2,1
859,M,Wh,25,60453,-87.749024380925,41.7058845308245,1,1,2
860,M,Hi,43,60614,-87.6467800448848,41.9189910507315,0,3,1
861,F,Bl,66,60637,-87.5944123504422,41.7844343440598,0,2,1
862,M,Wh,22,60532,-88.063883618024,41.7941609588002,1,1,2
863,F,Bl,45,60621,-87.6267382960591,41.7645367665078,0,2,1
864,M,Wh,32,60636,-87.6796921471629,41.7598541802967,0,1,1
865,F,Wh,22,60160,-87.8715508311571,41.9014079210728,1,1,2
866,F,Hi,18,60647,-87.7052057200922,41.9280422813636,1,3,1
867,M,Wh,28,60153,-87.8556538396514,41.8793843692163,0,1,2
868,M,Ot,33,60644,-87.7496250996372,41.8719300285484,0,4,1
869,M,Hi,48,60644,-87.7525853930859,41.8707963706169,0,3,1
870,M,Hi,30,60804,-87.7783844875908,41.8558894214209,0,3,2
871,F,Bl,55,60620,-87.6531300560203,41.7328398548778,0,2,1
872,F,Ot,23,60644,-87.7415397778645,41.8834624016005,1,4,1
873,F,Bl,32,60130,-87.808438757264,41.8692641395123,0,2,2
874,F,Ot,24,60085,-87.9167256731547,42.3437266971679,1,4,2
875,M,Bl,47,60644,-87.7553610840983,41.8675599401072,0,2,1
876,M,Hi,33,60172,-88.0814342742943,41.9933299688972,0,3,2
877,M,Wh,64,60302,-87.7899156115494,41.8793438247787,0,1,2
878,F,Wh,24,60431,-88.2802737143537,41.530253728123,1,1,2
879,M,Hi,22,60647,-87.7199457037685,41.931298520765,1,3,1
880,M,Wh,19,60077,-87.7576273617693,42.0459852010878,1,1,2
881,M,Wh,24,60435,-88.1239445224074,41.5462925252621,1,1,2
882,M,Hi,43,60707,-87.8062255079014,41.917899297147,0,3,2
883,F,Wh,33,60081,-88.2307376306626,42.4314311295367,0,1,2
884,M,Wh,29,60651,-87.7454571924897,41.9024920092815,0,1,1
885,M,Hi,33,60016,-87.8509659190284,42.0641064796419,0,3,2
886,M,Hi,34,60629,-87.7009308792941,41.7593824549673,0,3,1
887,F,Hi,34,60618,-87.7212503607303,41.9331703619309,0,3,1
888,M,Bl,44,60643,-87.6762369423211,41.7091020521653,0,2,1
889,M,Wh,20,60629,-87.6974139857418,41.7603652309183,1,1,1
890,M,Wh,34,60056,-87.939955575483,42.0750729876236,0,1,2
891,F,Hi,42,60651,-87.7350764218837,41.9056329975271,0,3,1
892,F,Wh,35,60609,-87.6302478907843,41.8275164589445,0,1,1
893,F,Wh,30,60625,-87.718229969681,41.9692192602553,0,1,1
894,M,Bl,61,60647,-87.7104503434991,41.9249842884678,0,2,1
895,M,Bl,56,60616,-87.6346133841824,41.8591533288867,0,2,1
896,F,Ot,23,60090,-87.9157543233688,42.1257474869576,1,4,2
897,F,Wh,26,60137,-88.064612434321,41.8455188106327,0,1,2
898,M,Wh,24,60546,-87.833427287211,41.8471514044953,1,1,2
899,M,Hi,41,60623,-87.7028607545931,41.8531878272059,0,3,1
900,M,Wh,34,60634,-87.7847748042914,41.9434011275254,0,1,1
901,M,Hi,27,60201,-87.6668839525137,42.0524760440505,0,3,2
902,M,Hi,20,60304,-87.8003306057487,41.8690427140879,1,3,2
903,M,Wh,21,60458,-87.8429676194411,41.7413519234004,1,1,2
904,M,Wh,32,60618,-87.7179039277642,41.9526928737806,0,1,1
905,M,Bl,64,60625,-87.7151555630049,41.9678034820516,0,2,1
906,F,Hi,21,60632,-87.7361083995685,41.8103446369997,1,3,1
907,M,Hi,32,60123,-88.3393201794649,41.9923965589711,0,3,2
908,M,Wh,24,60607,-87.6564657402904,41.874748784276,1,1,1
909,F,Wh,20,60515,-88.0224895508014,41.8134009286565,1,1,2
910,M,Wh,38,60402,-87.7877269701225,41.8388568370767,0,1,2
911,M,Wh,18,60440,-88.0858505477919,41.6932866240282,1,1,2
912,F,Bl,18,60644,-87.7626265138524,41.8688815967093,1,2,1
913,M,Wh,18,60171,-87.8468926521273,41.9282222787953,1,1,2
914,F,Wh,32,61008,-88.8897764149977,42.251227525504,0,1,2
915,F,Wh,40,60639,-87.7593814930458,41.9218453844465,0,1,1
916,F,Wh,23,60130,-87.8226951429139,41.868638239047,1,1,2
917,M,Wh,54,60402,-87.7941561668682,41.8475584321665,0,1,2
918,M,Wh,21,60115,-88.8237617690057,41.9574339714734,1,1,2
919,F,Wh,42,60435,-88.1520652241111,41.5932747911738,0,1,2
920,M,Wh,32,60181,-87.9817633883926,41.8566776762439,0,1,2
921,M,Wh,24,60431,-88.1936698429673,41.4932930541461,1,1,2
922,M,Bl,25,60644,-87.7588753345501,41.8779047731676,1,2,1
923,F,Wh,29,60402,-87.7858221933456,41.8080310475367,0,1,2
924,M,Wh,63,60089,-87.9403127012968,42.1820220109418,0,1,2
925,F,Bl,65,60644,-87.7547014508396,41.8717188325656,0,2,1
926,M,Bl,66,60636,-87.6735093544906,41.7679953955827,0,2,1
927,M,Wh,71,60652,-87.7285864249329,41.7404843985841,0,1,1
928,M,Hi,21,60185,-88.1976181712074,41.8999175376146,1,3,2
929,M,Wh,34,60610,-87.6406658471274,41.9099384143044,0,1,1
930,M,Bl,25,60618,-87.6806964163584,41.9342925797894,1,2,1
931,M,Bl,37,60607,-87.6618522229389,41.867456224793,0,2,1
932,M,Wh,20,60516,-88.0059215807587,41.771440909989,1,1,2
933,M,Wh,65,60636,-87.6762850635554,41.768592246437,0,1,1
934,F,Wh,20,60465,-87.8219523714748,41.6829984071961,1,1,2
935,M,Bl,25,60628,-87.6025706147841,41.6604811268893,1,2,1
936,M,Bl,37,60640,-87.6723979147876,41.9768186601635,0,2,1
937,F,Wh,27,60194,-88.1291247428405,42.0366526658901,0,1,2
938,M,Wh,21,60462,-87.8406452127009,41.6130920004445,1,1,2
939,M,Wh,73,60419,-87.5982384439197,41.6295232919044,0,1,2
940,F,Bl,23,60643,-87.6442482483924,41.708908718261,1,2,1
941,F,Wh,37,60505,-88.2784247873908,41.7565218825607,0,1,2
942,M,Bl,52,60302,-87.7851895128948,41.8921728346286,0,2,2
943,F,Wh,40,60660,-87.6805838229918,41.9970631275232,0,1,1
944,M,Hi,32,60617,-87.5748469058068,41.7026740738563,0,3,1
945,F,Bl,56,60609,-87.6848705622989,41.8184646578666,0,2,1
946,F,Wh,41,60456,-87.7246095536705,41.731517515413,0,1,2
947,M,Bl,41,60546,-87.8039505699721,41.8549932345704,0,2,2
948,M,Hi,24,60609,-87.6460240687517,41.8096310441703,1,3,1
949,F,Bl,67,60626,-87.6680555999291,42.0028974133661,0,2,1
950,F,Wh,28,60020,-88.177029222307,42.3929859942486,0,1,2
951,M,Ot,22,60606,-87.6382614341555,41.8860859268871,1,4,1
952,F,Ot,29,60644,-87.7587061665743,41.8799374908558,0,4,1
953,F,Wh,27,60106,-87.9676195541494,41.9337131906018,0,1,2
954,M,Wh,21,60462,-87.8667263984489,41.6329224505292,1,1,2
955,F,Hi,25,60517,-88.0331622851742,41.7625252456273,1,3,2
956,F,Hi,58,60641,-87.7611871255853,41.9405866319597,0,3,1
957,M,Hi,62,60613,-87.6410640890991,41.957091589893,0,3,1
958,F,Bl,55,60302,-87.7954371480336,41.8952377082182,0,2,2
959,F,Hi,37,60458,-87.8309560969463,41.7401779598448,0,3,2
960,F,Wh,27,60640,-87.678417238671,41.9679997238654,0,1,1
961,M,Bl,79,60621,-87.631822175918,41.780530297079,0,2,1
962,M,Hi,51,60804,-87.7774242783771,41.8623136655025,0,3,2
963,M,Hi,55,60481,-88.1088017859269,41.3126510011124,0,3,2
964,M,Wh,20,60612,-87.6865046245319,41.8936857939591,1,1,1
965,F,Hi,44,60612,-87.6843245799659,41.8888650764464,0,3,1
966,F,Wh,22,60440,-88.0383990032836,41.7107267751049,1,1,2
967,F,Bl,24,60624,-87.7406691603467,41.8933854557742,1,2,1
968,M,Wh,23,60067,-88.071017849907,42.0892854309254,1,1,2
969,M,Wh,24,60077,-87.7580849883637,42.0432055963493,1,1,2
970,M,Wh,27,60804,-87.7741882711184,41.8600013020014,0,1,2
971,M,Wh,23,60626,-87.6652613361843,42.0129910443663,1,1,1
972,F,Wh,38,60608,-87.6518248524242,41.834429536753,0,1,1
973,M,Wh,41,60466,-87.7021268425557,41.4747174734726,0,1,2
974,M,Bl,40,60649,-87.5785660861946,41.7512157994646,0,2,1
975,F,Wh,23,60707,-87.799405319429,41.9236335598166,1,1,2
976,F,Wh,45,60647,-87.7002259093557,41.9101204813212,0,1,1
977,F,Wh,21,60177,-88.3054221365472,42.0061491911028,1,1,2
978,M,Bl,20,60621,-87.6261238694174,41.7593809596829,1,2,1
979,M,Hi,54,60660,-87.6505567912825,41.987674318476,0,3,1
980,M,Bl,71,60617,-87.5625749520506,41.7299605102915,0,2,1
981,M,Ot,40,60013,-88.2035444206611,42.2102249507345,0,4,2
982,F,Wh,42,60651,-87.7659071843083,41.9036139107837,0,1,1
983,F,Wh,28,60046,-88.051132113737,42.4081227251126,0,1,2
984,F,Wh,40,60107,-88.152663665248,42.0098690644026,0,1,2
985,F,Bl,53,60649,-87.5726820253871,41.7679020120889,0,2,1
986,M,Wh,35,60406,-87.6806687509622,41.6562870819056,0,1,2
987,M,Wh,23,60639,-87.7436722601751,41.9137604271255,1,1,1
988,F,Ot,23,60458,-87.8428182944621,41.7553247176373,1,4,2
989,M,Wh,23,60085,-87.8575563696205,42.3839650517685,1,1,2
990,F,Bl,76,60616,-87.6160171584722,41.8324160570184,0,2,1
991,M,Wh,60,60612,-87.7034359455512,41.8837197974378,0,1,1
992,M,Bl,48,60643,-87.6525321956679,41.6898838125463,0,2,1
993,M,Bl,63,60651,-87.7495473529011,41.8990734475862,0,2,1
994,F,Wh,42,60620,-87.6603244219978,41.7244428873818,0,1,1
995,F,Wh,34,60613,-87.6326468449387,41.9661607327165,0,1,1
996,F,Bl,32,60651,-87.7117877740326,41.904100640927,0,2,1
997,F,Hi,24,60647,-87.7245010520567,41.9274507188269,1,3,1
998,M,Bl,29,60617,-87.5366129558298,41.7124973779168,0,2,1
999,F,Hi,39,60624,-87.7218230167826,41.8875089202455,0,3,1
1000,F,Hi,40,60651,-87.7346253199635,41.9073693454889,0,3,1
